current_path,title,nav_section,nav_sub_section,audience_tag,action,notes
Archive-Notice.md,Archive Notice,UNMAPPED,,,KEEP (retag),
Functional_Areas/Digital_Channel_Management/Agent-Hand-Raise.md,Agent Hand Raise,Capabilities,Digital Channels,,RENAME section,
Functional_Areas/Digital_Channel_Management/Browser-and-Sound-Notifications.md,Browser and Sound Notifications,Capabilities,Digital Channels,,RENAME section,
Functional_Areas/Digital_Channel_Management/Business-Calendars-Limitations.md,Business Calendars Limitations,Capabilities,Digital Channels,,RENAME section,
Functional_Areas/Digital_Channel_Management/Business-Calendars.md,Business Calendars,Capabilities,Digital Channels,,RENAME section,
Functional_Areas/Digital_Channel_Management/Consult-Transfer-Conference.md,"Consult, Transfer, and Conference",Capabilities,Digital Channels,,RENAME section,
Functional_Areas/Digital_Channel_Management/Conversation-View.md,Conversation View,Capabilities,Digital Channels,,RENAME section,
Functional_Areas/Digital_Channel_Management/Customer-Advanced-Filters.md,Customer Advanced Filters,Capabilities,Digital Channels,,RENAME section,
Functional_Areas/Digital_Channel_Management/Customer-Labels.md,Customer Labels,Capabilities,Digital Channels,,RENAME section,
Functional_Areas/Digital_Channel_Management/Customer-Widget-Embedding-Guide.md,Customer Widget Embedding Guide,Capabilities,Digital Channels,,RENAME section,
Functional_Areas/Digital_Channel_Management/Customer-Widget-Features-Capabilities.md,Customer Widget Features Capabilities,Capabilities,Digital Channels,,RENAME section,
Functional_Areas/Digital_Channel_Management/Email-Channel-Overview.md,Email Channel Overview,Capabilities,Digital Channels,,RENAME section,
Functional_Areas/Digital_Channel_Management/Email-Configuration-IMAP-SMTP.md,Email Configuration — IMAP/SMTP,Capabilities,Digital Channels,,RENAME section,
Functional_Areas/Digital_Channel_Management/Email-Configuration-MS-Exchange.md,Email Configuration — MS Exchange (EWS),Capabilities,Digital Channels,,RENAME section,
Functional_Areas/Digital_Channel_Management/Email-Limitations.md,Email Limitations,Capabilities,Digital Channels,,RENAME section,
Functional_Areas/Digital_Channel_Management/Facebook-Channel-Overview.md,Facebook Channel Overview,Capabilities,Digital Channels,,RENAME section,
Functional_Areas/Digital_Channel_Management/Facebook-Configuration-Guide.md,Facebook Configuration Guide,Capabilities,Digital Channels,,RENAME section,
Functional_Areas/Digital_Channel_Management/Facebook-Connector-Limitations.md,Facebook Connector Limitations,Capabilities,Digital Channels,,RENAME section,
Functional_Areas/Digital_Channel_Management/Google-Play-Store-Account-Onboarding.md,Google Play Store Account Onboarding,Capabilities,Digital Channels,,RENAME section,
Functional_Areas/Digital_Channel_Management/Google-Play-Store-Channel-Overview.md,Google Play Store Channel Overview,Capabilities,Digital Channels,,RENAME section,
Functional_Areas/Digital_Channel_Management/Google-Play-Store-Configuration-Guide.md,Google Play Store Configuration Guide,Capabilities,Digital Channels,,RENAME section,
Functional_Areas/Digital_Channel_Management/Google-Play-Store-FAQs-and-Troubleshooting.md,Google Play Store FAQs and Troubleshooting,Capabilities,Digital Channels,,RENAME section,
Functional_Areas/Digital_Channel_Management/LinkedIn-Account-Onboarding.md,LinkedIn Account Onboarding,Capabilities,Digital Channels,,RENAME section,
Functional_Areas/Digital_Channel_Management/LinkedIn-Channel-Overview.md,LinkedIn Channel Overview,Capabilities,Digital Channels,,RENAME section,
Functional_Areas/Digital_Channel_Management/LinkedIn-Configuration-Guide.md,LinkedIn Configuration Guide,Capabilities,Digital Channels,,RENAME section,
Functional_Areas/Digital_Channel_Management/LinkedIn-Dev-Connector-Deployment.md,LinkedIn Connector Deployment — Helm,Capabilities,Digital Channels,,RENAME section,
Functional_Areas/Digital_Channel_Management/SMPP-Channel-Overview.md,SMPP Channel Overview,Capabilities,Digital Channels,,RENAME section,
Functional_Areas/Digital_Channel_Management/SMPP-Configuration-Guide.md,SMPP Configuration Guide,Capabilities,Digital Channels,,RENAME section,
Functional_Areas/Digital_Channel_Management/Telegram-Bot-Creation-Guide.md,Telegram Bot Creation Guide,Capabilities,Digital Channels,,RENAME section,
Functional_Areas/Digital_Channel_Management/Telegram-Channel-Overview.md,Telegram Channel Overview,Capabilities,Digital Channels,,RENAME section,
Functional_Areas/Digital_Channel_Management/Telegram-Configuration-Guide.md,Telegram Configuration Guide,Capabilities,Digital Channels,,RENAME section,
Functional_Areas/Digital_Channel_Management/Telegram-Connector-Limitations.md,Telegram Connector Limitations,Capabilities,Digital Channels,,RENAME section,
Functional_Areas/Digital_Channel_Management/Telegram-Media-Types.md,Telegram Media Types Support,Capabilities,Digital Channels,,RENAME section,
Functional_Areas/Digital_Channel_Management/Twitter-Channel-Overview.md,Twitter Channel Overview,Capabilities,Digital Channels,,RENAME section,
Functional_Areas/Digital_Channel_Management/Twitter-Configuration-Guide.md,Twitter Configuration Guide,Capabilities,Digital Channels,,RENAME section,
Functional_Areas/Digital_Channel_Management/WhatsApp/360dialog-WhatsApp-Overview.md,360dialog WhatsApp Overview,Capabilities,Digital Channels,,RENAME section,
Functional_Areas/Digital_Channel_Management/WhatsApp/WhatsApp-Cloud-API.md,WhatsApp Cloud API,Capabilities,Digital Channels,,RENAME section,
Functional_Areas/Digital_Channel_Management/WhatsApp/index.md,WhatsApp Channel Overview,Capabilities,Digital Channels,,RENAME section,index file — update or remove
Functional_Areas/Digital_Channel_Management/YouTube-Channel-Overview.md,YouTube Connector Overview,Capabilities,Digital Channels,,RENAME section,
Functional_Areas/Digital_Channel_Management/index.md,Digital Channel Management: Overview,Capabilities,Digital Channels,,RENAME section,index file — update or remove
Functional_Areas/Performance_Insights_Data/Agent-Availability-Report.md,Agent Availability Report,Capabilities,Reporting & Analytics,,RENAME section,
Functional_Areas/Performance_Insights_Data/Agents-Summary-Report.md,Agents' Summary Report,Capabilities,Reporting & Analytics,,RENAME section,
Functional_Areas/Performance_Insights_Data/CX-Historical-Reports-Supporting-Tables.md,CX Historical Reports — Supporting Tables,Capabilities,Reporting & Analytics,,RENAME section,
Functional_Areas/Performance_Insights_Data/Conversation-Analytics.md,Conversation Analytics,Capabilities,Reporting & Analytics,,RENAME section,
Functional_Areas/Performance_Insights_Data/Key-Reporting-Metrics.md,Key Reporting Metrics,Capabilities,Reporting & Analytics,,RENAME section,
Functional_Areas/Performance_Insights_Data/Outbound-Summary-Report.md,Outbound Summary Report,Capabilities,Reporting & Analytics,,RENAME section,
Functional_Areas/Performance_Insights_Data/Post-Conversation-Analytics.md,Post-Conversation Analytics,Capabilities,Reporting & Analytics,,RENAME section,
Functional_Areas/Performance_Insights_Data/Questions-Summary-Report.md,Questions' Summary Report,Capabilities,Reporting & Analytics,,RENAME section,
Functional_Areas/Performance_Insights_Data/Real-time-Contact-Center-Analytics.md,Real-time Contact Center Analytics,Capabilities,Reporting & Analytics,,RENAME section,
Functional_Areas/Performance_Insights_Data/Repeated-Caller-Report.md,Repeated Caller Report,Capabilities,Reporting & Analytics,,RENAME section,
Functional_Areas/Performance_Insights_Data/Reports-and-Analytics.md,Reports and Analytics,Capabilities,Reporting & Analytics,,RENAME section,
Functional_Areas/Performance_Insights_Data/UTC-Offset-Reports.md,Configure UTC Offset for Reports,Capabilities,Reporting & Analytics,,RENAME section,
Functional_Areas/Performance_Insights_Data/Update-Reports-Superset.md,Updating Historical Reports in Superset,Capabilities,Reporting & Analytics,,RENAME section,
Functional_Areas/Performance_Insights_Data/WebRTC-Detail-Report.md,WebRTC Detail Report,Capabilities,Reporting & Analytics,,RENAME section,
Functional_Areas/Performance_Insights_Data/WebRTC-Summary-Report.md,WebRTC Summary Report,Capabilities,Reporting & Analytics,,RENAME section,
Functional_Areas/Performance_Insights_Data/index.md,Performance Insights & Data,Capabilities,Reporting & Analytics,,RENAME section,index file — update or remove
Functional_Areas/Security_Compliance/Audit-Logging.md,Audit Logging,Capabilities,Security & Compliance,,RENAME section,
Functional_Areas/Security_Compliance/GDPR-Compliance.md,GDPR Compliance,Capabilities,Security & Compliance,,RENAME section,
Functional_Areas/Security_Compliance/HIPAA-Compliance.md,HIPAA Compliance,Capabilities,Security & Compliance,,RENAME section,
Functional_Areas/Security_Compliance/PCI-DSS-Compliance.md,PCI DSS Compliance,Capabilities,Security & Compliance,,RENAME section,
Functional_Areas/Security_Compliance/Secure-OTP-Lifecycle-Compliance.md,Secure OTP Lifecycle Management and Compliance,Capabilities,Security & Compliance,,RENAME section,
Functional_Areas/Security_Compliance/VRS-PCI-DSS-Compliance.md,VRS PCI DSS Compliance,Capabilities,Security & Compliance,,RENAME section,
Functional_Areas/Security_Compliance/index.md,Security & Compliance,Capabilities,Security & Compliance,,RENAME section,index file — update or remove
Functional_Areas/Voice_Real_Time_Media/Adding-Agent-Extensions-CX-Voice.md,Adding Agent Extensions for CX Voice,Capabilities,Voice & Video,,RENAME section,
Functional_Areas/Voice_Real_Time_Media/Browser-Based-Calling.md,Browser-Based Calling,Capabilities,Voice & Video,,RENAME section,
Functional_Areas/Voice_Real_Time_Media/CTI-Call-Controls.md,CTI Call Controls,Capabilities,Voice & Video,,RENAME section,
Functional_Areas/Voice_Real_Time_Media/CX-Dialer-Benchmarks.md,CX Dialer Benchmarks,Capabilities,Voice & Video,,RENAME section,
Functional_Areas/Voice_Real_Time_Media/CX-Dialer-Reference.md,CX Dialer Reference,Capabilities,Voice & Video,,RENAME section,
Functional_Areas/Voice_Real_Time_Media/CX-Voice-Limitations.md,CX Voice Limitations,Capabilities,Voice & Video,,RENAME section,
Functional_Areas/Voice_Real_Time_Media/CX-Voice-Platform-Sizing.md,CX Voice Platform Sizing,Capabilities,Voice & Video,,RENAME section,
Functional_Areas/Voice_Real_Time_Media/Call-Forking-Concepts.md,Call Forking Concepts,Capabilities,Voice & Video,,RENAME section,
Functional_Areas/Voice_Real_Time_Media/Connected-Calls-Detail-Report.md,Connected Calls Detail Report,Capabilities,Voice & Video,,RENAME section,
Functional_Areas/Voice_Real_Time_Media/Handle-WebRTC-Calls.md,Handle WebRTC Calls,Capabilities,Voice & Video,,RENAME section,
Functional_Areas/Voice_Real_Time_Media/Inbound-Calls.md,Inbound Calls,Capabilities,Voice & Video,,RENAME section,
Functional_Areas/Voice_Real_Time_Media/Miscellaneous-Dialer-Call-Results.md,Miscellaneous Dialer Call Results,Capabilities,Voice & Video,,RENAME section,
Functional_Areas/Voice_Real_Time_Media/Outbound-Calls.md,Outbound Calls,Capabilities,Voice & Video,,RENAME section,
Functional_Areas/Voice_Real_Time_Media/Troubleshooting-CX-Voice.md,Troubleshooting CX Voice,Capabilities,Voice & Video,,RENAME section,
Functional_Areas/Voice_Real_Time_Media/Video-Customer-Support.md,Video Customer Support,Capabilities,Voice & Video,,RENAME section,
Functional_Areas/Voice_Real_Time_Media/Voice-Message-Schema.md,Voice Message Schema,Capabilities,Voice & Video,,RENAME section,
Functional_Areas/Voice_Real_Time_Media/Voice-and-Video-Overview.md,Voice and Video Overview,Capabilities,Voice & Video,,RENAME section,
Functional_Areas/Voice_Real_Time_Media/Web-App-Calls-Overview.md,Web App Calls Overview,Capabilities,Voice & Video,,RENAME section,
Functional_Areas/Voice_Real_Time_Media/WebRTC-for-CX.md,WebRTC for CX,Capabilities,Voice & Video,,RENAME section,
Functional_Areas/Voice_Real_Time_Media/WebRTC-to-SIP.md,WebRTC to SIP Gateway,Capabilities,Voice & Video,,RENAME section,
Functional_Areas/Voice_Real_Time_Media/Website-Click-to-Call.md,Website Click-to-Call,Capabilities,Voice & Video,,RENAME section,
Functional_Areas/Voice_Real_Time_Media/index.md,Voice & Real-time Media,Capabilities,Voice & Video,,RENAME section,index file — update or remove
Functional_Areas/Workforce_Schedule_Management/Review-Scheduler.md,Review Scheduler,Capabilities,Workforce Management,,RENAME section,
Functional_Areas/Workforce_Schedule_Management/WFM-Prerequisites.md,WFM Prerequisites,Capabilities,Workforce Management,,RENAME section,
Functional_Areas/Workforce_Schedule_Management/Workforce-Management-Overview.md,Workforce Management Overview,Capabilities,Workforce Management,,RENAME section,
Functional_Areas/Workforce_Schedule_Management/index.md,Workforce & Schedule Management,Capabilities,Workforce Management,,RENAME section,index file — update or remove
Functional_Areas/index.md,Functional Areas,Capabilities,(review needed),,RENAME section,index file — update or remove
Getting_Started/Agent-Desk-Developer-Guide.md,AgentManager SDK Reference,Getting Started,For Developers & Integrators,developer-integrator,KEEP (retag),
Getting_Started/Agent-Quick-Start-Guide.md,The Agent's Quick-Start Guide,Getting Started,For Agents,agent,KEEP (retag),
Getting_Started/Channel-Onboarding-Guide.md,Universal Channel Onboarding Guide,Getting Started,For Administrators,administrator,KEEP (retag),
Getting_Started/Cisco-Contact-Center-Integration-Reference.md,Cisco UCCE/X Integration Reference,How-to Guides,Developer / Integrator,developer-integrator,MOVE → How-to Guides,
Getting_Started/Configuring-AI-Powered-Quality-Audits.md,Configuring AI-Powered Quality Audits,How-to Guides,Conversation Designer / AI Specialist,conversation-designer,MOVE → How-to Guides,
Getting_Started/Conversation-Studio-Configuration-Guide.md,Conversation Studio Fundamentals,Getting Started,For Conversation Designers,conversation-designer,KEEP (retag),
Getting_Started/Deploying-the-RKE2-Control-Plane.md,Deploying the RKE2 Control Plane,Getting Started,For Hosting Partners,hosting-partner,KEEP (retag),
Getting_Started/Evaluator-Guide.md,As an Evaluator,Getting Started,For Supervisors & QA Leads,supervisor-qa,KEEP (retag),
Getting_Started/Expertflow-CX-Platform-Overview.md,ExpertFlow CX Platform Overview,Platform Overview,,platform-overview,MOVE → Platform Overview,
Getting_Started/Glossary-of-Key-Terms.md,Glossary of Key Terms,Reference,Glossary,,MOVE → Reference,
Getting_Started/Managing-the-Quality-Assurance-Workflow.md,Managing the Quality Assurance Workflow,Getting Started,For Supervisors & QA Leads,supervisor-qa,KEEP (retag),
Getting_Started/Monitoring-Your-Team-in-Real-Time.md,Monitoring Your Team in Real-Time,Getting Started,For Supervisors & QA Leads,supervisor-qa,KEEP (retag),
Getting_Started/Onboarding-a-New-Tenant.md,Onboarding a New Tenant,Getting Started,For Hosting Partners,hosting-partner,KEEP (retag),
Getting_Started/Security-and-Compliance-Whitepaper.md,Security & Compliance Whitepaper,Platform Overview,,platform-overview,MOVE → Platform Overview,
Getting_Started/Unified-Admin-Guide.md,Unified Admin: Core Platform Configuration,Getting Started,For Administrators,administrator,KEEP (retag),
Getting_Started/index.md,index,Getting Started,(review needed),,KEEP (retag),index file — update or remove
Role_Based_Guides/AI_Quality_NLU_Specialist/AI-Orchestration-and-LLM-Logic.md,AI Orchestration and LLM Logic,How-to Guides,Conversation Designer / AI Specialist,conversation-designer,MERGE → Conversation Designer,
Role_Based_Guides/AI_Quality_NLU_Specialist/AI-Powered-Quality-Assurance.md,AI-Powered Quality Assurance,How-to Guides,Conversation Designer / AI Specialist,conversation-designer,MERGE → Conversation Designer,
Role_Based_Guides/AI_Quality_NLU_Specialist/EF-Agent-Co-Pilot-Capabilities.md,EF Agent Co-Pilot Capabilities,How-to Guides,Conversation Designer / AI Specialist,conversation-designer,MERGE → Conversation Designer,
Role_Based_Guides/AI_Quality_NLU_Specialist/Message-Schema-Interoperability.md,Message Schema Interoperability: Rasa and CIM,How-to Guides,Conversation Designer / AI Specialist,conversation-designer,MERGE → Conversation Designer,
Role_Based_Guides/AI_Quality_NLU_Specialist/index.md,AI / NLU Specialist Guide,How-to Guides,Conversation Designer / AI Specialist,conversation-designer,MERGE → Conversation Designer,index file — update or remove
Role_Based_Guides/Agent/Accept-a-Conversation.md,Accept a Conversation,How-to Guides,Agent,agent,KEEP (retag),
Role_Based_Guides/Agent/Agent-Co-Pilot-Complete-Guide.md,Agent Co Pilot Complete Guide,How-to Guides,Agent,agent,KEEP (retag),
Role_Based_Guides/Agent/Agent-Co-Pilot.md,Agent Co Pilot,How-to Guides,Agent,agent,KEEP (retag),
Role_Based_Guides/Agent/Agent-States.md,Agent States,How-to Guides,Agent,agent,KEEP (retag),
Role_Based_Guides/Agent/Challenges-Contact-Center-Agent.md,Challenges Contact Center Agent,How-to Guides,Agent,agent,KEEP (retag),
Role_Based_Guides/Agent/Conversation-Rerouting-Callback.md,Conversation Rerouting on Callback State,How-to Guides,Agent,agent,KEEP (retag),
Role_Based_Guides/Agent/Google-Play-Store-Agent-Guide.md,Google Play Store Agent Guide,How-to Guides,Agent,agent,KEEP (retag),
Role_Based_Guides/Agent/Handling-Customer-Interactions.md,Handling Customer Interactions,How-to Guides,Agent,agent,KEEP (retag),
Role_Based_Guides/Agent/Handling-Your-First-Call.md,Handling Your First Call,How-to Guides,Agent,agent,KEEP (retag),
Role_Based_Guides/Agent/Managing-Your-Presence-and-States.md,Managing Your Presence and States,How-to Guides,Agent,agent,KEEP (retag),
Role_Based_Guides/Agent/Pause-Resume-Conversation-Limitations.md,Pause Resume Conversation Limitations,How-to Guides,Agent,agent,KEEP (retag),
Role_Based_Guides/Agent/Pause-Resume-Conversation.md,Pause Resume Conversation,How-to Guides,Agent,agent,KEEP (retag),
Role_Based_Guides/Agent/Presence-and-State-Technical-Reference.md,Presence and State Technical Reference,How-to Guides,Agent,agent,KEEP (retag),
Role_Based_Guides/Agent/RTL-Support-Agent-Desk.md,RTL Support Agent Desk,How-to Guides,Agent,agent,KEEP (retag),
Role_Based_Guides/Agent/Understanding-Response-SLA.md,Understanding Response SLA,How-to Guides,Agent,agent,KEEP (retag),
Role_Based_Guides/Agent/Wrap-up-and-Follow-up-Work.md,Wrap-up and Follow-up Work,How-to Guides,Agent,agent,KEEP (retag),
Role_Based_Guides/Agent/index.md,Agent Guide,How-to Guides,Agent,agent,KEEP (retag),index file — update or remove
Role_Based_Guides/Conversation_Designer/AI-Driven-Voice-Call-Architecture.md,AI-Driven Voice Call Architecture,How-to Guides,Conversation Designer / AI Specialist,conversation-designer,KEEP (retag),
Role_Based_Guides/Conversation_Designer/AI-Sentiment-Based-Handover.md,AI Sentiment-Based Handover,How-to Guides,Conversation Designer / AI Specialist,conversation-designer,KEEP (retag),
Role_Based_Guides/Conversation_Designer/As-a-Conversation-Designer.md,As a Conversation Designer,How-to Guides,Conversation Designer / AI Specialist,conversation-designer,KEEP (retag),
Role_Based_Guides/Conversation_Designer/Conversation-Flow-for-Outbound-Dialing-Modes.md,Conversation Flow for Outbound Dialing Modes,How-to Guides,Conversation Designer / AI Specialist,conversation-designer,KEEP (retag),
Role_Based_Guides/Conversation_Designer/Creating-Survey-Forms-and-Flows.md,Creating Survey Forms and Flows,How-to Guides,Conversation Designer / AI Specialist,conversation-designer,KEEP (retag),
Role_Based_Guides/Conversation_Designer/IVR-Detail-Report.md,IVR Detail Report,How-to Guides,Conversation Designer / AI Specialist,conversation-designer,KEEP (retag),
Role_Based_Guides/Conversation_Designer/IVR-Summary-Report.md,IVR Summary Report,How-to Guides,Conversation Designer / AI Specialist,conversation-designer,KEEP (retag),
Role_Based_Guides/Conversation_Designer/NLU-Digital-Bots-Concepts.md,NLU Digital Bots Concepts,How-to Guides,Conversation Designer / AI Specialist,conversation-designer,KEEP (retag),
Role_Based_Guides/Conversation_Designer/Outbound-Flows-Limitations.md,Outbound Flows Limitations,How-to Guides,Conversation Designer / AI Specialist,conversation-designer,KEEP (retag),
Role_Based_Guides/Conversation_Designer/Registering-Bot-Connectors.md,Registering Bot Connectors,How-to Guides,Conversation Designer / AI Specialist,conversation-designer,KEEP (retag),
Role_Based_Guides/Conversation_Designer/index.md,Conversation Designer Guide,How-to Guides,Conversation Designer / AI Specialist,conversation-designer,KEEP (retag),index file — update or remove
Role_Based_Guides/Decision_Maker/2FA-Business-Overview.md,2FA Business Overview,Platform Overview,,platform-overview,MOVE → Platform Overview,
Role_Based_Guides/Decision_Maker/AI-Self-Service-Capabilities.md,AI Self Service Capabilities,Platform Overview,,platform-overview,MOVE → Platform Overview,
Role_Based_Guides/Decision_Maker/Customer-Journey-Orchestration.md,Customer Journey Orchestration,Platform Overview,,platform-overview,MOVE → Platform Overview,
Role_Based_Guides/Decision_Maker/Dialer-Performance-Benchmarks.md,Dialer Performance Benchmarks,Platform Overview,,platform-overview,MOVE → Platform Overview,
Role_Based_Guides/Decision_Maker/Hybrid-Chat-to-CX-Migration-Comparison.md,Hybrid Chat to CX Migration Comparison,Platform Overview,,platform-overview,MOVE → Platform Overview,
Role_Based_Guides/Decision_Maker/Platform-Architecture.md,Platform Architecture,Platform Overview,,platform-overview,MOVE → Platform Overview,
Role_Based_Guides/Decision_Maker/Release-Lifecycle-and-Versioning.md,Release Lifecycle and Versioning,Platform Overview,,platform-overview,MOVE → Platform Overview,
Role_Based_Guides/Decision_Maker/Voice-Recording-and-Compliance-Features.md,Voice Recording and Compliance Features,Platform Overview,,platform-overview,MOVE → Platform Overview,
Role_Based_Guides/Decision_Maker/WFM-Compatibility-Guide.md,WFM Compatibility Guide,Platform Overview,,platform-overview,MOVE → Platform Overview,
Role_Based_Guides/Decision_Maker/index.md,index,Platform Overview,,platform-overview,MOVE → Platform Overview,index file — update or remove
Role_Based_Guides/Frontend_Developer/Action-Message-Bot-Communication.md,Action Message Bot Communication,How-to Guides,Developer / Integrator,developer-integrator,KEEP (retag),
Role_Based_Guides/Frontend_Developer/Agent-Task-Routing-Lifecycle.md,Agent Task Routing Lifecycle,How-to Guides,Developer / Integrator,developer-integrator,KEEP (retag),⚑ Consider moving to Reference
Role_Based_Guides/Frontend_Developer/AgentManager-SDK-Integration-Guide.md,AgentManager SDK Integration Guide,How-to Guides,Developer / Integrator,developer-integrator,KEEP (retag),⚑ Consider moving to Reference
Role_Based_Guides/Frontend_Developer/Business-Calendar-API.md,Business Calendar API Configurations,How-to Guides,Developer / Integrator,developer-integrator,KEEP (retag),⚑ Consider moving to Reference
Role_Based_Guides/Frontend_Developer/CIM-Message-Schema/Button-Message.md,Button Message,Reference,Schemas & Data Model > CIM Message Schema,developer-integrator,MOVE → Reference,
Role_Based_Guides/Frontend_Developer/CIM-Message-Schema/CIM-Messages.md,CIM Message Schema Master,Reference,Schemas & Data Model > CIM Message Schema,developer-integrator,MOVE → Reference,
Role_Based_Guides/Frontend_Developer/CIM-Message-Schema/Carousel-Message.md,Carousel Message,Reference,Schemas & Data Model > CIM Message Schema,developer-integrator,MOVE → Reference,
Role_Based_Guides/Frontend_Developer/CIM-Message-Schema/Contact-Message.md,Contact Message,Reference,Schemas & Data Model > CIM Message Schema,developer-integrator,MOVE → Reference,
Role_Based_Guides/Frontend_Developer/CIM-Message-Schema/Delivery-Notification-Message.md,Delivery Notification Message,Reference,Schemas & Data Model > CIM Message Schema,developer-integrator,MOVE → Reference,
Role_Based_Guides/Frontend_Developer/CIM-Message-Schema/Email-Message.md,Email Message,Reference,Schemas & Data Model > CIM Message Schema,developer-integrator,MOVE → Reference,
Role_Based_Guides/Frontend_Developer/CIM-Message-Schema/Exchange-CIM-Message.md,Exchange CIM Message,Reference,Schemas & Data Model > CIM Message Schema,developer-integrator,MOVE → Reference,
Role_Based_Guides/Frontend_Developer/CIM-Message-Schema/Location-Message.md,Location Message,Reference,Schemas & Data Model > CIM Message Schema,developer-integrator,MOVE → Reference,
Role_Based_Guides/Frontend_Developer/CIM-Message-Schema/Message-Body.md,CIM Message Body Reference,Reference,Schemas & Data Model > CIM Message Schema,developer-integrator,MOVE → Reference,
Role_Based_Guides/Frontend_Developer/CIM-Message-Schema/Message-Exchange-Handshake.md,Message Exchange Handshake,Reference,Schemas & Data Model > CIM Message Schema,developer-integrator,MOVE → Reference,
Role_Based_Guides/Frontend_Developer/CIM-Message-Schema/Message-Header.md,CIM Message Header Reference,Reference,Schemas & Data Model > CIM Message Schema,developer-integrator,MOVE → Reference,
Role_Based_Guides/Frontend_Developer/CIM-Message-Schema/Notification-Message.md,Notification Message,Reference,Schemas & Data Model > CIM Message Schema,developer-integrator,MOVE → Reference,
Role_Based_Guides/Frontend_Developer/CIM-Message-Schema/Plain-Text-Message.md,Plain Text Message Schema,Reference,Schemas & Data Model > CIM Message Schema,developer-integrator,MOVE → Reference,
Role_Based_Guides/Frontend_Developer/CIM-Message-Schema/Receipt-Message.md,Receipt Message,Reference,Schemas & Data Model > CIM Message Schema,developer-integrator,MOVE → Reference,
Role_Based_Guides/Frontend_Developer/CIM-Message-Schema/URL-Message.md,URL Message,Reference,Schemas & Data Model > CIM Message Schema,developer-integrator,MOVE → Reference,
Role_Based_Guides/Frontend_Developer/CIM-Message-Schema/WrapUp-Message.md,WrapUp Message,Reference,Schemas & Data Model > CIM Message Schema,developer-integrator,MOVE → Reference,
Role_Based_Guides/Frontend_Developer/CRM-Agent-Desk-Post-Message-Events.md,CRM Agent Desk Post Message Events,How-to Guides,Developer / Integrator,developer-integrator,KEEP (retag),
Role_Based_Guides/Frontend_Developer/Conversation-Life-Cycle-Objects.md,Conversation Life-Cycle Objects,How-to Guides,Developer / Integrator,developer-integrator,KEEP (retag),⚑ Consider moving to Reference
Role_Based_Guides/Frontend_Developer/Custom-Bot-Connector-Development.md,Custom Bot Connector Development,How-to Guides,Developer / Integrator,developer-integrator,KEEP (retag),
Role_Based_Guides/Frontend_Developer/Customer-Facing-SDK.md,Customer-Facing SDK for Omnichannel Communication,How-to Guides,Developer / Integrator,developer-integrator,KEEP (retag),⚑ Consider moving to Reference
Role_Based_Guides/Frontend_Developer/Form-APIs.md,Form APIs,How-to Guides,Developer / Integrator,developer-integrator,KEEP (retag),⚑ Consider moving to Reference
Role_Based_Guides/Frontend_Developer/Interaction-Model-Overview.md,"Interaction Model: Rooms, Actors, and Events",How-to Guides,Developer / Integrator,developer-integrator,KEEP (retag),⚑ Consider moving to Reference
Role_Based_Guides/Frontend_Developer/JavaScript-SDK.md,JavaScript SDK for Customer-Facing Channels,How-to Guides,Developer / Integrator,developer-integrator,KEEP (retag),⚑ Consider moving to Reference
Role_Based_Guides/Frontend_Developer/Platform-Objects-and-Data-Model.md,Platform Objects and Data Model,How-to Guides,Developer / Integrator,developer-integrator,KEEP (retag),⚑ Consider moving to Reference
Role_Based_Guides/Frontend_Developer/Queue-Flushing-API.md,Queue Flushing API,How-to Guides,Developer / Integrator,developer-integrator,KEEP (retag),⚑ Consider moving to Reference
Role_Based_Guides/Frontend_Developer/Routing-Engine-Developer-Guide.md,Routing Engine Developer Guide,How-to Guides,Developer / Integrator,developer-integrator,KEEP (retag),⚑ Consider moving to Reference
Role_Based_Guides/Frontend_Developer/Scheduler-API-Reference.md,Scheduler API & Workflow Reference,How-to Guides,Developer / Integrator,developer-integrator,KEEP (retag),⚑ Consider moving to Reference
Role_Based_Guides/Frontend_Developer/Socket_Events/addPullModeSubscribedListRequests.md,addPullModeSubscribedListRequests,Reference,Schemas & Data Model > Socket Events,developer-integrator,MOVE → Reference,
Role_Based_Guides/Frontend_Developer/Socket_Events/agentAssignedForAssistance.md,agentAssignedForAssistance,Reference,Schemas & Data Model > Socket Events,developer-integrator,MOVE → Reference,
Role_Based_Guides/Frontend_Developer/Socket_Events/agentAssistanceRequestPlaced.md,agentAssistanceRequestPlaced,Reference,Schemas & Data Model > Socket Events,developer-integrator,MOVE → Reference,
Role_Based_Guides/Frontend_Developer/Socket_Events/agentPresence.md,agentPresence_,Reference,Schemas & Data Model > Socket Events,developer-integrator,MOVE → Reference,
Role_Based_Guides/Frontend_Developer/Socket_Events/closeWrapup.md,closeWrapup,Reference,Schemas & Data Model > Socket Events,developer-integrator,MOVE → Reference,
Role_Based_Guides/Frontend_Developer/Socket_Events/connectError.md,connect_error,Reference,Schemas & Data Model > Socket Events,developer-integrator,MOVE → Reference,
Role_Based_Guides/Frontend_Developer/Socket_Events/consulTransferRequestSuccess.md,consulTransferRequestSuccess,Reference,Schemas & Data Model > Socket Events,developer-integrator,MOVE → Reference,
Role_Based_Guides/Frontend_Developer/Socket_Events/consultConferenceRequest.md,consultConferenceRequest,Reference,Schemas & Data Model > Socket Events,developer-integrator,MOVE → Reference,
Role_Based_Guides/Frontend_Developer/Socket_Events/consultRequest.md,consultRequest,Reference,Schemas & Data Model > Socket Events,developer-integrator,MOVE → Reference,
Role_Based_Guides/Frontend_Developer/Socket_Events/consultTransferRequest.md,consultTransferRequest,Reference,Schemas & Data Model > Socket Events,developer-integrator,MOVE → Reference,
Role_Based_Guides/Frontend_Developer/Socket_Events/deletePullModeRequest.md,deletePullModeRequest,Reference,Schemas & Data Model > Socket Events,developer-integrator,MOVE → Reference,
Role_Based_Guides/Frontend_Developer/Socket_Events/directConferenceRequest.md,directConferenceRequest,Reference,Schemas & Data Model > Socket Events,developer-integrator,MOVE → Reference,
Role_Based_Guides/Frontend_Developer/Socket_Events/directTransferRequest.md,directTransferRequest,Reference,Schemas & Data Model > Socket Events,developer-integrator,MOVE → Reference,
Role_Based_Guides/Frontend_Developer/Socket_Events/errors.md,errors,Reference,Schemas & Data Model > Socket Events,developer-integrator,MOVE → Reference,
Role_Based_Guides/Frontend_Developer/Socket_Events/index.md,Socket Events,Reference,Schemas & Data Model > Socket Events,developer-integrator,MOVE → Reference,index file — update or remove
Role_Based_Guides/Frontend_Developer/Socket_Events/joinAsBargeIn.md,Socket Event: joinAsBargeIn,Reference,Schemas & Data Model > Socket Events,developer-integrator,MOVE → Reference,
Role_Based_Guides/Frontend_Developer/Socket_Events/joinAsSilentMonitor.md,JoinAsSilentMonitor,Reference,Schemas & Data Model > Socket Events,developer-integrator,MOVE → Reference,
Role_Based_Guides/Frontend_Developer/Socket_Events/joinAsWhisper.md,joinAsWhisper,Reference,Schemas & Data Model > Socket Events,developer-integrator,MOVE → Reference,
Role_Based_Guides/Frontend_Developer/Socket_Events/joinPullModeRequest.md,joinPullModeRequest,Reference,Schemas & Data Model > Socket Events,developer-integrator,MOVE → Reference,
Role_Based_Guides/Frontend_Developer/Socket_Events/onChannelTypes.md,onChannelTypes,Reference,Schemas & Data Model > Socket Events,developer-integrator,MOVE → Reference,
Role_Based_Guides/Frontend_Developer/Socket_Events/onCimEvent.md,onCimEvent,Reference,Schemas & Data Model > Socket Events,developer-integrator,MOVE → Reference,
Role_Based_Guides/Frontend_Developer/Socket_Events/onPullModeSubscribedList.md,onPullModeSubscribedList,Reference,Schemas & Data Model > Socket Events,developer-integrator,MOVE → Reference,
Role_Based_Guides/Frontend_Developer/Socket_Events/onPullModeSubscribedListRequest.md,onPullModeSubscribedListRequest,Reference,Schemas & Data Model > Socket Events,developer-integrator,MOVE → Reference,
Role_Based_Guides/Frontend_Developer/Socket_Events/onTopicData.md,onTopicData,Reference,Schemas & Data Model > Socket Events,developer-integrator,MOVE → Reference,
Role_Based_Guides/Frontend_Developer/Socket_Events/pauseConversation.md,pauseConversation,Reference,Schemas & Data Model > Socket Events,developer-integrator,MOVE → Reference,
Role_Based_Guides/Frontend_Developer/Socket_Events/publishCimEvent.md,publishCimEvent,Reference,Schemas & Data Model > Socket Events,developer-integrator,MOVE → Reference,
Role_Based_Guides/Frontend_Developer/Socket_Events/pullModeSubscribedListRequests.md,pullModeSubscribedListRequests,Reference,Schemas & Data Model > Socket Events,developer-integrator,MOVE → Reference,
Role_Based_Guides/Frontend_Developer/Socket_Events/removePullModeSubscribedListRequests.md,removePullModeSubscribedListRequests,Reference,Schemas & Data Model > Socket Events,developer-integrator,MOVE → Reference,
Role_Based_Guides/Frontend_Developer/Socket_Events/resumeConversation.md,resumeConversation,Reference,Schemas & Data Model > Socket Events,developer-integrator,MOVE → Reference,
Role_Based_Guides/Frontend_Developer/Socket_Events/revokeTask.md,revokeTask,Reference,Schemas & Data Model > Socket Events,developer-integrator,MOVE → Reference,
Role_Based_Guides/Frontend_Developer/Socket_Events/socketSessionRemoved.md,socketSessionRemoved,Reference,Schemas & Data Model > Socket Events,developer-integrator,MOVE → Reference,
Role_Based_Guides/Frontend_Developer/Socket_Events/subscribePullModeList.md,subscribePullModeList,Reference,Schemas & Data Model > Socket Events,developer-integrator,MOVE → Reference,
Role_Based_Guides/Frontend_Developer/Socket_Events/taskRequest.md,taskRequest,Reference,Schemas & Data Model > Socket Events,developer-integrator,MOVE → Reference,
Role_Based_Guides/Frontend_Developer/Socket_Events/topicClosed.md,topicClosed,Reference,Schemas & Data Model > Socket Events,developer-integrator,MOVE → Reference,
Role_Based_Guides/Frontend_Developer/Socket_Events/topicSubscription.md,topicSubscription,Reference,Schemas & Data Model > Socket Events,developer-integrator,MOVE → Reference,
Role_Based_Guides/Frontend_Developer/Socket_Events/topicUnsubscription.md,topicUnsubscription_,Reference,Schemas & Data Model > Socket Events,developer-integrator,MOVE → Reference,
Role_Based_Guides/Frontend_Developer/Socket_Events/unsubscribePullModeList.md,unsubscribePullModeList,Reference,Schemas & Data Model > Socket Events,developer-integrator,MOVE → Reference,
Role_Based_Guides/Frontend_Developer/Socket_Events/wrapupTimerStarted.md,wrapupTimerStarted,Reference,Schemas & Data Model > Socket Events,developer-integrator,MOVE → Reference,
Role_Based_Guides/Frontend_Developer/Upgrade-Guide-Postgres-Vault-Cisco.md,Upgrade Guide Postgres Vault Cisco,How-to Guides,Developer / Integrator,developer-integrator,KEEP (retag),⚑ Platform Operator — add platform-operator audience tag
Role_Based_Guides/Frontend_Developer/YouTube-Integration-Configuration-Developer.md,YouTube Integration Configuration Developer,How-to Guides,Developer / Integrator,developer-integrator,KEEP (retag),
Role_Based_Guides/Frontend_Developer/YouTube-Project-Setup-Google-Console.md,YouTube Project Setup Google Console,How-to Guides,Developer / Integrator,developer-integrator,KEEP (retag),
Role_Based_Guides/Frontend_Developer/index.md,Frontend Developer Guide,How-to Guides,Developer / Integrator,developer-integrator,KEEP (retag),index file — update or remove
Role_Based_Guides/Human_Evaluator/Auditing-and-Scoring-Conversations.md,Auditing and Scoring Conversations,How-to Guides,Supervisor & QA Lead,supervisor-qa,MERGE → Supervisor & QA Lead,
Role_Based_Guides/Human_Evaluator/Compatibility-Guide-Media-Recording.md,Compatibility Guide — Media Recording,How-to Guides,Supervisor & QA Lead,supervisor-qa,MERGE → Supervisor & QA Lead,
Role_Based_Guides/Human_Evaluator/Handle-Voice-Recording.md,Handle Voice Recordings,How-to Guides,Supervisor & QA Lead,supervisor-qa,MERGE → Supervisor & QA Lead,
Role_Based_Guides/Human_Evaluator/Playing-Screen-Recordings.md,Playing Screen Recordings in Quality Management,How-to Guides,Supervisor & QA Lead,supervisor-qa,MERGE → Supervisor & QA Lead,
Role_Based_Guides/Human_Evaluator/index.md,Human Evaluator Guide,How-to Guides,Supervisor & QA Lead,supervisor-qa,MERGE → Supervisor & QA Lead,index file — update or remove
Role_Based_Guides/Infrastructure_Hosting_Partner/Audit-Trail-Implementation-OpenSearch.md,Audit Trail Implementation (OpenSearch Pattern),How-to Guides,Hosting Partner,hosting-partner,MERGE → Hosting Partner,⚑ Platform Operator — add platform-operator audience tag
Role_Based_Guides/Infrastructure_Hosting_Partner/CX-Analyser-Infrastructure-Setup.md,CX-Analyser Infrastructure Setup,How-to Guides,Hosting Partner,hosting-partner,MERGE → Hosting Partner,
Role_Based_Guides/Infrastructure_Hosting_Partner/CX-Analyser-Reports-Setup.md,Setting Up CX Analyser Reports,How-to Guides,Hosting Partner,hosting-partner,MERGE → Hosting Partner,
Role_Based_Guides/Infrastructure_Hosting_Partner/CX-Dialer-Deployment-Guide.md,CX Dialer Deployment Guide,How-to Guides,Hosting Partner,hosting-partner,MERGE → Hosting Partner,
Role_Based_Guides/Infrastructure_Hosting_Partner/CX-SIP-Proxy-Deployment-Guide.md,CX SIP Proxy Deployment Guide,How-to Guides,Hosting Partner,hosting-partner,MERGE → Hosting Partner,
Role_Based_Guides/Infrastructure_Hosting_Partner/CX-SIP-Proxy-Installation-Guide.md,CX SIP Proxy Installation Guide,How-to Guides,Hosting Partner,hosting-partner,MERGE → Hosting Partner,
Role_Based_Guides/Infrastructure_Hosting_Partner/CX-Voice-Deployment.md,CX Voice Deployment Overview,How-to Guides,Hosting Partner,hosting-partner,MERGE → Hosting Partner,
Role_Based_Guides/Infrastructure_Hosting_Partner/Cisco-Outbound-Connector-Docker-Deployment.md,Cisco Outbound Connector — Docker Deployment,How-to Guides,Hosting Partner,hosting-partner,MERGE → Hosting Partner,
Role_Based_Guides/Infrastructure_Hosting_Partner/Cisco-Outbound-Connector-Kubernetes-Deployment.md,Cisco Outbound Connector — Kubernetes Deployment,How-to Guides,Hosting Partner,hosting-partner,MERGE → Hosting Partner,
Role_Based_Guides/Infrastructure_Hosting_Partner/Configuring-Dispatcher-in-CX-SIP-Proxy.md,Configuring the Dispatcher in CX SIP Proxy,How-to Guides,Hosting Partner,hosting-partner,MERGE → Hosting Partner,
Role_Based_Guides/Infrastructure_Hosting_Partner/Configuring-Load-Balancer-in-CX-SIP-Proxy.md,Configuring the Load Balancer in CX SIP Proxy,How-to Guides,Hosting Partner,hosting-partner,MERGE → Hosting Partner,
Role_Based_Guides/Infrastructure_Hosting_Partner/Customer-Widget-Deployment-Guide.md,Customer Widget Deployment Guide,How-to Guides,Hosting Partner,hosting-partner,MERGE → Hosting Partner,
Role_Based_Guides/Infrastructure_Hosting_Partner/Deployment-of-Mongo-using-ReplicaSet.md,Deploying MongoDB with Replica Sets,How-to Guides,Hosting Partner,hosting-partner,MERGE → Hosting Partner,
Role_Based_Guides/Infrastructure_Hosting_Partner/EasySIPp-Deployment-Guide.md,EasySIPp Deployment Guide,How-to Guides,Hosting Partner,hosting-partner,MERGE → Hosting Partner,
Role_Based_Guides/Infrastructure_Hosting_Partner/Eleveo-Middleware-Deployment-Guide.md,Eleveo Middleware Deployment Guide,How-to Guides,Hosting Partner,hosting-partner,MERGE → Hosting Partner,
Role_Based_Guides/Infrastructure_Hosting_Partner/HA-in-EF-SIP-Proxy.md,HA in EF SIP Proxy,How-to Guides,Hosting Partner,hosting-partner,MERGE → Hosting Partner,⚑ Platform Operator — add platform-operator audience tag
Role_Based_Guides/Infrastructure_Hosting_Partner/Hardware-Sizing-Calculator.md,Hardware Sizing Calculator,How-to Guides,Hosting Partner,hosting-partner,MERGE → Hosting Partner,⚑ Consider moving to Reference
Role_Based_Guides/Infrastructure_Hosting_Partner/Helm-Based-Application-Deployment.md,Helm-Based Application Deployment,How-to Guides,Hosting Partner,hosting-partner,MERGE → Hosting Partner,
Role_Based_Guides/Infrastructure_Hosting_Partner/Helm-Deployment-Customization.md,Helm Chart Customization Guide,How-to Guides,Hosting Partner,hosting-partner,MERGE → Hosting Partner,
Role_Based_Guides/Infrastructure_Hosting_Partner/Kubernetes-Distributions.md,Kubernetes Distributions,How-to Guides,Hosting Partner,hosting-partner,MERGE → Hosting Partner,⚑ Consider moving to Reference
Role_Based_Guides/Infrastructure_Hosting_Partner/LinkedIn-Connector-Deployment.md,LinkedIn Connector Deployment using Helm,How-to Guides,Hosting Partner,hosting-partner,MERGE → Hosting Partner,
Role_Based_Guides/Infrastructure_Hosting_Partner/LiveKit-Deployment-Guide.md,LiveKit Deployment Guide,How-to Guides,Hosting Partner,hosting-partner,MERGE → Hosting Partner,
Role_Based_Guides/Infrastructure_Hosting_Partner/Load-Balancing-Dispatcher-Module.md,Load Balancing via the Dispatcher Module,How-to Guides,Hosting Partner,hosting-partner,MERGE → Hosting Partner,
Role_Based_Guides/Infrastructure_Hosting_Partner/RASA-X-Deployment.md,RASA-X Deployment Guide,How-to Guides,Hosting Partner,hosting-partner,MERGE → Hosting Partner,
Role_Based_Guides/Infrastructure_Hosting_Partner/RKE2-Uninstallation.md,RKE2 Uninstallation,How-to Guides,Hosting Partner,hosting-partner,MERGE → Hosting Partner,⚑ Platform Operator — add platform-operator audience tag
Role_Based_Guides/Infrastructure_Hosting_Partner/SIP-Proxy-Architecture.md,SIP Proxy Architecture,How-to Guides,Hosting Partner,hosting-partner,MERGE → Hosting Partner,⚑ Consider moving to Reference
Role_Based_Guides/Infrastructure_Hosting_Partner/Superset-Deployment.md,Superset Deployment for Reporting,How-to Guides,Hosting Partner,hosting-partner,MERGE → Hosting Partner,
Role_Based_Guides/Infrastructure_Hosting_Partner/System-Behaviour-in-Failover.md,System Behaviour in Case of Failover,How-to Guides,Hosting Partner,hosting-partner,MERGE → Hosting Partner,⚑ Platform Operator — add platform-operator audience tag; ⚑ Consider moving to Reference
Role_Based_Guides/Infrastructure_Hosting_Partner/Upgrade-to-MongoDB-Version-8.x.md,Upgrading MongoDB to Version 8.x,How-to Guides,Hosting Partner,hosting-partner,MERGE → Hosting Partner,⚑ Platform Operator — add platform-operator audience tag
Role_Based_Guides/Infrastructure_Hosting_Partner/Voice-Connector-Deployment-Guide.md,Voice Connector Deployment Guide,How-to Guides,Hosting Partner,hosting-partner,MERGE → Hosting Partner,
Role_Based_Guides/Infrastructure_Hosting_Partner/Voice-Recording-Components-Deployment.md,Voice Recording Components Deployment Guide,How-to Guides,Hosting Partner,hosting-partner,MERGE → Hosting Partner,
Role_Based_Guides/Infrastructure_Hosting_Partner/WFM-Component-Deployment.md,WFM Component Deployment Guide,How-to Guides,Hosting Partner,hosting-partner,MERGE → Hosting Partner,
Role_Based_Guides/Infrastructure_Hosting_Partner/index.md,Infrastructure & Hosting (Partner) Guide,How-to Guides,Hosting Partner,hosting-partner,MERGE → Hosting Partner,index file — update or remove
Role_Based_Guides/Integration_Specialist/Add-Bot-Connector.md,Add Bot Connector,How-to Guides,Developer / Integrator,developer-integrator,MERGE → Developer / Integrator,
Role_Based_Guides/Integration_Specialist/Bot-Connector-Developer-Guide.md,Bot Connector Developer Guide,How-to Guides,Developer / Integrator,developer-integrator,MERGE → Developer / Integrator,
Role_Based_Guides/Integration_Specialist/CRM-Connectors.md,CRM Connectors,How-to Guides,Developer / Integrator,developer-integrator,MERGE → Developer / Integrator,
Role_Based_Guides/Integration_Specialist/Channel-Connector-Configuration.md,Channel Connector Configuration API,How-to Guides,Developer / Integrator,developer-integrator,MERGE → Developer / Integrator,
Role_Based_Guides/Integration_Specialist/Channel-Connector-Developer-Guide.md,Channel Connector Developer Guide,How-to Guides,Developer / Integrator,developer-integrator,MERGE → Developer / Integrator,
Role_Based_Guides/Integration_Specialist/Cisco-Integration-Known-Limitations.md,Cisco Integration Known Limitations,How-to Guides,Developer / Integrator,developer-integrator,MERGE → Developer / Integrator,
Role_Based_Guides/Integration_Specialist/Cisco-Voice-Channel-Configuration.md,Cisco Voice Channel Configuration,How-to Guides,Developer / Integrator,developer-integrator,MERGE → Developer / Integrator,
Role_Based_Guides/Integration_Specialist/Custom-Connector-Bot-Communication.md,Custom Connector-Bot Communication,How-to Guides,Developer / Integrator,developer-integrator,MERGE → Developer / Integrator,
Role_Based_Guides/Integration_Specialist/Deploying-Finesse-Gadget.md,Deploying Finesse Gadget,How-to Guides,Developer / Integrator,developer-integrator,MERGE → Developer / Integrator,
Role_Based_Guides/Integration_Specialist/Environment-Configurations-for-Cisco.md,Environment Configurations for Cisco,How-to Guides,Developer / Integrator,developer-integrator,MERGE → Developer / Integrator,
Role_Based_Guides/Integration_Specialist/Facebook-Connector-Limitations.md,Facebook Connector Limitations,How-to Guides,Developer / Integrator,developer-integrator,MERGE → Developer / Integrator,
Role_Based_Guides/Integration_Specialist/Finesse-Integration-Prerequisites.md,Finesse Integration Prerequisites,How-to Guides,Developer / Integrator,developer-integrator,MERGE → Developer / Integrator,
Role_Based_Guides/Integration_Specialist/Integrations.md,Integrations Overview,How-to Guides,Developer / Integrator,developer-integrator,MERGE → Developer / Integrator,
Role_Based_Guides/Integration_Specialist/LinkedIn-Standard-Tier-Upgrade.md,LinkedIn Standard Tier Upgrade Guide,How-to Guides,Developer / Integrator,developer-integrator,MERGE → Developer / Integrator,
Role_Based_Guides/Integration_Specialist/Logging-and-Tracing-OpenSearch.md,Logging and Tracing Integration with OpenSearch,How-to Guides,Developer / Integrator,developer-integrator,MERGE → Developer / Integrator,⚑ Platform Operator — add platform-operator audience tag
Role_Based_Guides/Integration_Specialist/QM-Connector-for-Cisco.md,QM Connector for Cisco,How-to Guides,Developer / Integrator,developer-integrator,MERGE → Developer / Integrator,
Role_Based_Guides/Integration_Specialist/Register-Channel-Connector.md,Register Channel Connector,How-to Guides,Developer / Integrator,developer-integrator,MERGE → Developer / Integrator,
Role_Based_Guides/Integration_Specialist/Reporting-Database-Schema-Reference.md,Reporting Database Schema Reference,How-to Guides,Developer / Integrator,developer-integrator,MERGE → Developer / Integrator,⚑ Consider moving to Reference
Role_Based_Guides/Integration_Specialist/Scheduled-Activities.md,Scheduled Activities,How-to Guides,Developer / Integrator,developer-integrator,MERGE → Developer / Integrator,
Role_Based_Guides/Integration_Specialist/Synchronizing-Cisco-Users-and-Teams.md,Synchronizing Cisco Users and Teams,How-to Guides,Developer / Integrator,developer-integrator,MERGE → Developer / Integrator,
Role_Based_Guides/Integration_Specialist/Telegram-Connector-Configuration-Guide.md,Telegram Connector Configuration Guide,How-to Guides,Developer / Integrator,developer-integrator,MERGE → Developer / Integrator,
Role_Based_Guides/Integration_Specialist/Telegram-Connector-Limitations.md,Telegram Connector Limitations,How-to Guides,Developer / Integrator,developer-integrator,MERGE → Developer / Integrator,
Role_Based_Guides/Integration_Specialist/Telegram-Connector-Media-Types-Support.md,Telegram Connector Media Types Support,How-to Guides,Developer / Integrator,developer-integrator,MERGE → Developer / Integrator,
Role_Based_Guides/Integration_Specialist/index.md,Integration Specialist Guide,How-to Guides,Developer / Integrator,developer-integrator,MERGE → Developer / Integrator,index file — update or remove
Role_Based_Guides/Quality_Manager/AI-Driven-Quality-Management.md,AI-Driven Quality Management,How-to Guides,Supervisor & QA Lead,supervisor-qa,MERGE → Supervisor & QA Lead,
Role_Based_Guides/Quality_Manager/As-a-Quality-Manager.md,As a Quality Manager,How-to Guides,Supervisor & QA Lead,supervisor-qa,MERGE → Supervisor & QA Lead,
Role_Based_Guides/Quality_Manager/Designing-Evaluation-Forms.md,Designing Evaluation Forms,How-to Guides,Supervisor & QA Lead,supervisor-qa,MERGE → Supervisor & QA Lead,
Role_Based_Guides/Quality_Manager/Finding-Conversations-for-Audit.md,Finding Conversations for Audit,How-to Guides,Supervisor & QA Lead,supervisor-qa,MERGE → Supervisor & QA Lead,
Role_Based_Guides/Quality_Manager/QM-Admin-Configuration.md,QM Admin Configuration,How-to Guides,Supervisor & QA Lead,supervisor-qa,MERGE → Supervisor & QA Lead,
Role_Based_Guides/Quality_Manager/Quality-Assurance-Reports.md,Quality Assurance Reports,How-to Guides,Supervisor & QA Lead,supervisor-qa,MERGE → Supervisor & QA Lead,
Role_Based_Guides/Quality_Manager/index.md,Quality Manager Guide,How-to Guides,Supervisor & QA Lead,supervisor-qa,MERGE → Supervisor & QA Lead,index file — update or remove
Role_Based_Guides/Reseller/License-Renewal-and-Reactivation.md,License Renewal & Reactivation,How-to Guides,Hosting Partner,hosting-partner,MERGE → Hosting Partner,
Role_Based_Guides/Reseller/Managing-Licenses-Across-Tenants.md,Managing Licenses Across Tenants,How-to Guides,Hosting Partner,hosting-partner,MERGE → Hosting Partner,
Role_Based_Guides/Reseller/Reseller-Quickstart.md,Reseller Quickstart: From Contract to Tenant Live,How-to Guides,Hosting Partner,hosting-partner,MERGE → Hosting Partner,
Role_Based_Guides/Reseller/Subscription-Tiers-and-Capacity-Planning.md,Subscription Tiers & Capacity Planning,How-to Guides,Hosting Partner,hosting-partner,MERGE → Hosting Partner,
Role_Based_Guides/Reseller/Tenant-Lifecycle-Management.md,Tenant Lifecycle Management,How-to Guides,Hosting Partner,hosting-partner,MERGE → Hosting Partner,
Role_Based_Guides/Reseller/White-Labeling-the-Interface.md,White-Labeling the Interface,How-to Guides,Hosting Partner,hosting-partner,MERGE → Hosting Partner,
Role_Based_Guides/Reseller/index.md,Reseller Guide,How-to Guides,Hosting Partner,hosting-partner,MERGE → Hosting Partner,index file — update or remove
Role_Based_Guides/Solution_Admin/2FA-Email-Configuration-Guide.md,2FA Email Configuration Guide,How-to Guides,Administrator,administrator,KEEP (retag),
Role_Based_Guides/Solution_Admin/2FA-Service-Technical-Reference.md,2FA Service Technical Reference,How-to Guides,Administrator,administrator,KEEP (retag),
Role_Based_Guides/Solution_Admin/360-Connector-Configuration-Guide.md,360 Connector Configuration Guide,How-to Guides,Administrator,administrator,KEEP (retag),
Role_Based_Guides/Solution_Admin/AI-powered-Customer-Experience.md,AI powered Customer Experience,How-to Guides,Administrator,administrator,KEEP (retag),
Role_Based_Guides/Solution_Admin/Accessing-CX-Voice-Components.md,Accessing CX Voice Components,How-to Guides,Administrator,administrator,KEEP (retag),
Role_Based_Guides/Solution_Admin/Accessing-Kubernetes-Logs.md,Accessing Kubernetes Logs,How-to Guides,Administrator,administrator,KEEP (retag),
Role_Based_Guides/Solution_Admin/Agent-and-Queue-Mapping.md,Agent and Queue Mapping,How-to Guides,Administrator,administrator,KEEP (retag),
Role_Based_Guides/Solution_Admin/Archival-Configuration.md,Archival Configuration,How-to Guides,Administrator,administrator,KEEP (retag),
Role_Based_Guides/Solution_Admin/Auto-Sync-State-Logic.md,Auto-Sync State Logic,How-to Guides,Administrator,administrator,KEEP (retag),
Role_Based_Guides/Solution_Admin/Change-Default-ActiveMQ-Passwords.md,Change Default ActiveMQ Passwords Using ConfigMap,How-to Guides,Administrator,administrator,KEEP (retag),
Role_Based_Guides/Solution_Admin/Channel-and-Connector-Setup.md,Channel and Connector Setup,How-to Guides,Administrator,administrator,KEEP (retag),
Role_Based_Guides/Solution_Admin/Configure-AgentDesk-Settings.md,Configure AgentDesk Settings,How-to Guides,Administrator,administrator,KEEP (retag),
Role_Based_Guides/Solution_Admin/Configuring-Reason-Codes.md,Configuring Reason Codes,How-to Guides,Administrator,administrator,KEEP (retag),
Role_Based_Guides/Solution_Admin/Configuring-Wrap-up-Forms.md,Configuring Wrap-up Forms,How-to Guides,Administrator,administrator,KEEP (retag),
Role_Based_Guides/Solution_Admin/Configuring-the-Customer-Widget.md,Configuring the Customer Widget,How-to Guides,Administrator,administrator,KEEP (retag),
Role_Based_Guides/Solution_Admin/Customer-Agent-SLA-Implementation.md,Customer Agent SLA Implementation,How-to Guides,Administrator,administrator,KEEP (retag),
Role_Based_Guides/Solution_Admin/Customer-Interaction-Profiles-Overview.md,Customer Interaction Profiles Overview,How-to Guides,Administrator,administrator,KEEP (retag),
Role_Based_Guides/Solution_Admin/Customer-Widget-Features-Capabilities.md,Customer Widget Features Capabilities,How-to Guides,Administrator,administrator,KEEP (retag),
Role_Based_Guides/Solution_Admin/DNC-Lists.md,Do Not Contact (DNC) Lists,How-to Guides,Administrator,administrator,KEEP (retag),
Role_Based_Guides/Solution_Admin/Email-IMAP-SMTP-Configuration-Guide.md,Email Channel Configuration Guide (IMAP/SMTP),How-to Guides,Administrator,administrator,KEEP (retag),
Role_Based_Guides/Solution_Admin/Encryption-at-Rest-Configuration-Guide.md,Encryption at Rest Configuration Guide,How-to Guides,Administrator,administrator,KEEP (retag),
Role_Based_Guides/Solution_Admin/Facebook-Configuration-Guide.md,Facebook Channel Configuration Guide,How-to Guides,Administrator,administrator,KEEP (retag),
Role_Based_Guides/Solution_Admin/Form-Builder-User-Guide.md,Form Builder User Guide,How-to Guides,Administrator,administrator,KEEP (retag),
Role_Based_Guides/Solution_Admin/IAM-Keycloak-Configuration.md,IAM Keycloak Configuration,How-to Guides,Administrator,administrator,KEEP (retag),
Role_Based_Guides/Solution_Admin/Instagram-Connector-Configuration-Guide.md,Instagram Connector Configuration Guide,How-to Guides,Administrator,administrator,KEEP (retag),
Role_Based_Guides/Solution_Admin/Languages-Timezones-Settings.md,Languages Timezones Settings,How-to Guides,Administrator,administrator,KEEP (retag),
Role_Based_Guides/Solution_Admin/Managing-Outbound-Campaigns.md,Managing Outbound Campaigns,How-to Guides,Administrator,administrator,KEEP (retag),
Role_Based_Guides/Solution_Admin/Media-Routing-Domains-MRD-Overview.md,Media Routing Domains MRD Overview,How-to Guides,Administrator,administrator,KEEP (retag),
Role_Based_Guides/Solution_Admin/Media-Server-Azure-Transcription-Setup.md,Media Server Azure Transcription Setup,How-to Guides,Administrator,administrator,KEEP (retag),
Role_Based_Guides/Solution_Admin/Media-Server-Configuration-CX-Voice.md,Media Server Configuration CX Voice,How-to Guides,Administrator,administrator,KEEP (retag),
Role_Based_Guides/Solution_Admin/Media-Server-Google-Transcription-Setup.md,Media Server Google Transcription Setup,How-to Guides,Administrator,administrator,KEEP (retag),
Role_Based_Guides/Solution_Admin/Migrate-EF-IAM-Users.md,Migrate EF IAM Users,How-to Guides,Administrator,administrator,KEEP (retag),
Role_Based_Guides/Solution_Admin/Migrate-Keycloak-Groups-to-CX-Teams.md,Migrate Keycloak Groups to CX Teams,How-to Guides,Administrator,administrator,KEEP (retag),
Role_Based_Guides/Solution_Admin/MongoDB-Slow-Query-Logs.md,MongoDB Slow Query Logs,How-to Guides,Administrator,administrator,KEEP (retag),⚑ Platform Operator — add platform-operator audience tag
Role_Based_Guides/Solution_Admin/Monitoring-Tenant-License-Consumption.md,Monitoring Tenant License Consumption,How-to Guides,Administrator,administrator,KEEP (retag),
Role_Based_Guides/Solution_Admin/Precision-Routing.md,Precision Routing,How-to Guides,Administrator,administrator,KEEP (retag),
Role_Based_Guides/Solution_Admin/Priority-Routing.md,Priority Routing,How-to Guides,Administrator,administrator,KEEP (retag),
Role_Based_Guides/Solution_Admin/Queue-Priority.md,Queue Priority,How-to Guides,Administrator,administrator,KEEP (retag),
Role_Based_Guides/Solution_Admin/Queue-Wait-Time-and-Position.md,Queue Wait Time and Position,How-to Guides,Administrator,administrator,KEEP (retag),
Role_Based_Guides/Solution_Admin/RKE2-SSL-Certificate-Extension.md,RKE2 SSL Certificate Extension,How-to Guides,Administrator,administrator,KEEP (retag),
Role_Based_Guides/Solution_Admin/Redis-Slowlogs.md,Redis Log Monitoring via Slowlogs,How-to Guides,Administrator,administrator,KEEP (retag),⚑ Platform Operator — add platform-operator audience tag
Role_Based_Guides/Solution_Admin/Routing-Attributes-and-Queues.md,Routing Attributes and Precision Queues,How-to Guides,Administrator,administrator,KEEP (retag),
Role_Based_Guides/Solution_Admin/Routing-Strategy-Pull-Mode.md,Routing Strategy: Pull Mode,How-to Guides,Administrator,administrator,KEEP (retag),
Role_Based_Guides/Solution_Admin/SMPP-Configuration-Guide.md,SMPP Configuration Guide,How-to Guides,Administrator,administrator,KEEP (retag),
Role_Based_Guides/Solution_Admin/Sizing-Guidelines.md,Sizing Guidelines,How-to Guides,Administrator,administrator,KEEP (retag),⚑ Consider moving to Reference
Role_Based_Guides/Solution_Admin/Superset-Alerts-Reports-Enablement.md,Superset Alerts Reports Enablement,How-to Guides,Administrator,administrator,KEEP (retag),
Role_Based_Guides/Solution_Admin/Superset-Report-Deletion-Guide.md,Superset Report Deletion Guide,How-to Guides,Administrator,administrator,KEEP (retag),
Role_Based_Guides/Solution_Admin/Superset-Reports-Configuration.md,Superset Reports Configuration,How-to Guides,Administrator,administrator,KEEP (retag),
Role_Based_Guides/Solution_Admin/Superset-Reports-Import-Config.md,Superset Reports Import Config,How-to Guides,Administrator,administrator,KEEP (retag),
Role_Based_Guides/Solution_Admin/Twilio-SMS-MMS-Configuration-Guide.md,Twilio SMS MMS Configuration Guide,How-to Guides,Administrator,administrator,KEEP (retag),
Role_Based_Guides/Solution_Admin/Twitter-Connector-Limitations.md,Twitter Connector Limitations,How-to Guides,Administrator,administrator,KEEP (retag),
Role_Based_Guides/Solution_Admin/User-Inactivity-Logout-Setup.md,Configuring User Inactivity Logout,How-to Guides,Administrator,administrator,KEEP (retag),
Role_Based_Guides/Solution_Admin/User-Management.md,User Management,How-to Guides,Administrator,administrator,KEEP (retag),
Role_Based_Guides/Solution_Admin/Vault-Configuration.md,Vault Configuration,How-to Guides,Administrator,administrator,KEEP (retag),
Role_Based_Guides/Solution_Admin/Vault-Dynamic-Credentials-ActiveMQ.md,Vault Dynamic Credentials — ActiveMQ,How-to Guides,Administrator,administrator,KEEP (retag),
Role_Based_Guides/Solution_Admin/Vault-Dynamic-Credentials-MongoDB.md,Vault Dynamic Credentials — MongoDB,How-to Guides,Administrator,administrator,KEEP (retag),
Role_Based_Guides/Solution_Admin/Vault-Dynamic-Credentials-Redis.md,Vault Dynamic Credentials — Redis,How-to Guides,Administrator,administrator,KEEP (retag),
Role_Based_Guides/Solution_Admin/Viber-Connector-Configuration-Guide.md,Viber Connector Configuration Guide,How-to Guides,Administrator,administrator,KEEP (retag),
Role_Based_Guides/Solution_Admin/Voice-Channel-Configuration-Limitations.md,Voice Channel Configuration Limitations,How-to Guides,Administrator,administrator,KEEP (retag),
Role_Based_Guides/Solution_Admin/Vulnerability-Report-4.10.4.md,Vulnerability Report 4.10.4,Capabilities,Security & Compliance,administrator,MOVE → Capabilities/Security & Compliance,
Role_Based_Guides/Solution_Admin/Vulnerability-Report-4.10.md,Vulnerability Report 4.10,Capabilities,Security & Compliance,administrator,MOVE → Capabilities/Security & Compliance,
Role_Based_Guides/Solution_Admin/Vulnerability-Report-4.9.4.md,Vulnerability Report 4.9.4,Capabilities,Security & Compliance,administrator,MOVE → Capabilities/Security & Compliance,
Role_Based_Guides/Solution_Admin/WebRTC-Configuration-Guide.md,WebRTC Channel Configuration Guide,How-to Guides,Administrator,administrator,KEEP (retag),
Role_Based_Guides/Solution_Admin/WhatsApp-Cloud-API-Configuration.md,WhatsApp Cloud API Configuration,How-to Guides,Administrator,administrator,KEEP (retag),
Role_Based_Guides/Solution_Admin/WhatsApp-Cloud-API-Limitations.md,WhatsApp Cloud API Limitations,How-to Guides,Administrator,administrator,KEEP (retag),
Role_Based_Guides/Solution_Admin/YouTube-Connector-Limitations.md,YouTube Connector Limitations,How-to Guides,Administrator,administrator,KEEP (retag),
Role_Based_Guides/Solution_Admin/index.md,Solution Admin Guide,How-to Guides,Administrator,administrator,KEEP (retag),index file — update or remove
Role_Based_Guides/Supervisor/Add-Agents-Supervisors-and-Teams.md,"Add Agents, Supervisors, and Teams",How-to Guides,Supervisor & QA Lead,supervisor-qa,KEEP (retag),
Role_Based_Guides/Supervisor/Agent-Adherence-Report.md,Agent Adherence Report,How-to Guides,Supervisor & QA Lead,supervisor-qa,KEEP (retag),
Role_Based_Guides/Supervisor/Agent-Interaction-Log.md,Agent Interaction Log,How-to Guides,Supervisor & QA Lead,supervisor-qa,KEEP (retag),
Role_Based_Guides/Supervisor/Agent-Performance-Dashboard-Reference.md,Agent Performance Dashboard Reference,How-to Guides,Supervisor & QA Lead,supervisor-qa,KEEP (retag),
Role_Based_Guides/Supervisor/Agent-Team-Leaderboard.md,Agent Team Leaderboard,How-to Guides,Supervisor & QA Lead,supervisor-qa,KEEP (retag),
Role_Based_Guides/Supervisor/As-a-Supervisor.md,As a Supervisor,How-to Guides,Supervisor & QA Lead,supervisor-qa,KEEP (retag),
Role_Based_Guides/Supervisor/Barge-in-and-Intervention.md,Barge-in and Intervention,How-to Guides,Supervisor & QA Lead,supervisor-qa,KEEP (retag),
Role_Based_Guides/Supervisor/Campaign-Performance-Reports.md,Campaign Performance Reports,How-to Guides,Supervisor & QA Lead,supervisor-qa,KEEP (retag),
Role_Based_Guides/Supervisor/Channel-Session-Audit-Report.md,Channel Session Audit Report,How-to Guides,Supervisor & QA Lead,supervisor-qa,KEEP (retag),
Role_Based_Guides/Supervisor/Customer-Inactivity-SLA.md,Customer Inactivity SLA,How-to Guides,Supervisor & QA Lead,supervisor-qa,KEEP (retag),
Role_Based_Guides/Supervisor/Dialing-Success-Rate-Campaign-Summary.md,Dialing Success Rate Campaign Summary,How-to Guides,Supervisor & QA Lead,supervisor-qa,KEEP (retag),
Role_Based_Guides/Supervisor/Digital-Channel-Traffic-Analysis.md,Digital Channel Traffic Analysis,How-to Guides,Supervisor & QA Lead,supervisor-qa,KEEP (retag),
Role_Based_Guides/Supervisor/EFSwitch-Monitoring-Dashboards.md,EFSwitch Monitoring Dashboards,How-to Guides,Supervisor & QA Lead,supervisor-qa,KEEP (retag),
Role_Based_Guides/Supervisor/Force-Logout-Agent.md,Force Logout Agent,How-to Guides,Supervisor & QA Lead,supervisor-qa,KEEP (retag),
Role_Based_Guides/Supervisor/Historical-Reports-Reference.md,Historical Reports Reference,How-to Guides,Supervisor & QA Lead,supervisor-qa,KEEP (retag),
Role_Based_Guides/Supervisor/Impact-of-Team-Structure-on-Dashboards.md,Impact of Team Structure on Dashboards,How-to Guides,Supervisor & QA Lead,supervisor-qa,KEEP (retag),
Role_Based_Guides/Supervisor/Interval-Performance-Report.md,Interval Performance Report,How-to Guides,Supervisor & QA Lead,supervisor-qa,KEEP (retag),
Role_Based_Guides/Supervisor/Limitations-Agent-SLA.md,Agent SLA Limitations,How-to Guides,Supervisor & QA Lead,supervisor-qa,KEEP (retag),
Role_Based_Guides/Supervisor/Managing-Teams-and-Members.md,Managing Teams and Members,How-to Guides,Supervisor & QA Lead,supervisor-qa,KEEP (retag),
Role_Based_Guides/Supervisor/Presence-and-Availability-Reports.md,Presence and Availability Reports,How-to Guides,Supervisor & QA Lead,supervisor-qa,KEEP (retag),
Role_Based_Guides/Supervisor/QA-QM-Forms-Evaluation.md,QA QM Forms Evaluation,How-to Guides,Supervisor & QA Lead,supervisor-qa,KEEP (retag),
Role_Based_Guides/Supervisor/Queue-Productivity-Report.md,Queue Productivity Report,How-to Guides,Supervisor & QA Lead,supervisor-qa,KEEP (retag),
Role_Based_Guides/Supervisor/Realtime-Detailed-Dashboards.md,Realtime Detailed Dashboards,How-to Guides,Supervisor & QA Lead,supervisor-qa,KEEP (retag),
Role_Based_Guides/Supervisor/SLA-Calculations.md,SLA Calculations,How-to Guides,Supervisor & QA Lead,supervisor-qa,KEEP (retag),
Role_Based_Guides/Supervisor/Silent-Monitoring.md,Silent Monitoring,How-to Guides,Supervisor & QA Lead,supervisor-qa,KEEP (retag),
Role_Based_Guides/Supervisor/Summary-Dashboard.md,Summary Dashboard,How-to Guides,Supervisor & QA Lead,supervisor-qa,KEEP (retag),
Role_Based_Guides/Supervisor/Supervisor-AI-Assistance.md,Supervisor AI Assistance,How-to Guides,Supervisor & QA Lead,supervisor-qa,KEEP (retag),
Role_Based_Guides/Supervisor/Supervisor-Access-to-Unified-Admin.md,Supervisor Access to Unified Admin,How-to Guides,Supervisor & QA Lead,supervisor-qa,KEEP (retag),
Role_Based_Guides/Supervisor/Supervisor-Assistance.md,Supervisor Assistance,How-to Guides,Supervisor & QA Lead,supervisor-qa,KEEP (retag),
Role_Based_Guides/Supervisor/Team-Announcements.md,Team Announcements,How-to Guides,Supervisor & QA Lead,supervisor-qa,KEEP (retag),
Role_Based_Guides/Supervisor/Team-Comparison.md,Team Comparison Report,How-to Guides,Supervisor & QA Lead,supervisor-qa,KEEP (retag),
Role_Based_Guides/Supervisor/Team-Stats-Dashboard.md,Team Stats Dashboard,How-to Guides,Supervisor & QA Lead,supervisor-qa,KEEP (retag),
Role_Based_Guides/Supervisor/View-Agent-Dashboards.md,View Agent Dashboards,How-to Guides,Supervisor & QA Lead,supervisor-qa,KEEP (retag),
Role_Based_Guides/Supervisor/WFM-Admin-Supervisor-Guide.md,WFM Admin Supervisor Guide,How-to Guides,Supervisor & QA Lead,supervisor-qa,KEEP (retag),
Role_Based_Guides/Supervisor/WFM-FAQs.md,WFM FAQs,How-to Guides,Supervisor & QA Lead,supervisor-qa,KEEP (retag),
Role_Based_Guides/Supervisor/index.md,Supervisor Guide,How-to Guides,Supervisor & QA Lead,supervisor-qa,KEEP (retag),index file — update or remove
Role_Based_Guides/index.md,Role-Based Guides,UNMAPPED,,,KEEP (retag),index file — update or remove
index.md,ExpertFlow CX Knowledge Base,UNMAPPED,,,KEEP (retag),index file — update or remove
